<?xml version="1.0" encoding="utf-8"?>
<extension version="3.0.0" type="plugin" group="jshopping" method="upgrade">
    <name>hutkigrosh</name>
    <author>esas.by</author>
    <creationDate>December 2018</creationDate>
    <copyright>Copyright (C) 2010 - 2018 ESAS. All rights reserved.</copyright>
    <license>GNU General Public License version 2 or later; see LICENSE.txt</license>
    <authorEmail>support@esas.by</authorEmail>
    <authorUrl>http://www.esas.by/</authorUrl>
    <description>Hutkigrosh™ — payment service for invoicing in AIS *Raschet* (ERIP). After invoicing you will be available for payment by a plastic card and electronic money, at any of the bank branches, cash desks, ATMs, payment terminals, in the electronic money system, through Internet banking, M-banking, Internet acquiring</description>

    <scriptfile>install/install.php</scriptfile>
    <files>
        <filename plugin="hutkigrosh">hutkigrosh.php</filename>
        <folder>components</folder>
        <folder>install</folder>
    </files>
</extension>